yearstart,locationdesc,topic,question,datavalue,stratificationcategory1,stratification1
2019,United States,Diabetes,"Diabetic ketoacidosis mortality among all people, underlying or contributing cause",1177.0,Age,Age 0-44
2019,United States,Diabetes,Gestational diabetes among women with a recent live birth,11.9,Race/Ethnicity,Hispanic
2019,United States,Diabetes,"Diabetes mortality among all people, underlying or contributing cause",71.3,Age,Age 45-64
2019,United States,Diabetes,"Diabetes mortality among all people, underlying or contributing cause",115.6,Race/Ethnicity,"American Indian or Alaska Native, non-Hispanic"
2019,United States,Diabetes,"Diabetes mortality among all people, underlying or contributing cause",75.4,Race/Ethnicity,Hispanic
2019,United States,Diabetes,Diabetes among adults,14.7,Age,Age 45-64
2019,United States,Diabetes,"Diabetes mortality among all people, underlying or contributing cause",97.6,Sex,Male
2019,United States,Diabetes,"Diabetic ketoacidosis mortality among all people, underlying or contributing cause",1.9,Sex,Male
2019,United States,Diabetes,"Diabetes mortality among all people, underlying or contributing cause",59423.0,Age,Age 45-64
2019,United States,Diabetes,"Diabetes mortality among all people, underlying or contributing cause",47.9,Race/Ethnicity,"Asian, non-Hispanic"
2019,United States,Diabetes,"Diabetes mortality among all people, underlying or contributing cause",38.5,Race/Ethnicity,"Multiracial, non-Hispanic"
2019,United States,Diabetes,Diabetes among adults,14.4,Race/Ethnicity,"Black, non-Hispanic"
2019,United States,Diabetes,"Diabetes mortality among all people, underlying or contributing cause",618.0,Race/Ethnicity,"Native Hawaiian or Other Pacific Islander, non-Hispanic"
2019,United States,Diabetes,"Diabetes mortality among all people, underlying or contributing cause",47.8,Race/Ethnicity,"Asian, non-Hispanic"
2019,United States,Diabetes,"Diabetes mortality among all people, underlying or contributing cause",75.0,Sex,Female
2019,United States,Diabetes,"Diabetes mortality among all people, underlying or contributing cause",400.7,Age,Age >=65
2019,United States,Diabetes,"Diabetes mortality among all people, underlying or contributing cause",29165.0,Race/Ethnicity,Hispanic
2019,United States,Diabetes,Diabetes among adults,12.1,Race/Ethnicity,"Native Hawaiian or Other Pacific Islander, non-Hispanic"
2019,United States,Diabetes,Gestational diabetes among women with a recent live birth,10.0,Race/Ethnicity,"Multiracial, non-Hispanic"
2019,United States,Diabetes,Gestational diabetes among women with a recent live birth,13.0,Race/Ethnicity,"American Indian or Alaska Native, non-Hispanic"
2019,United States,Diabetes,Gestational diabetes among women with a recent live birth,18.8,Race/Ethnicity,"Asian, non-Hispanic"
2019,United States,Diabetes,Diabetes among adults,10.7,Sex,Female
2019,United States,Diabetes,"Diabetic ketoacidosis mortality among all people, underlying or contributing cause",1055.0,Race/Ethnicity,"Black, non-Hispanic"
2019,United States,Diabetes,"Diabetic ketoacidosis mortality among all people, underlying or contributing cause",1.8,Sex,Male
2019,United States,Diabetes,Diabetes among adults,10.3,Race/Ethnicity,"White, non-Hispanic"
2019,United States,Diabetes,"Diabetic ketoacidosis mortality among all people, underlying or contributing cause",2.6,Race/Ethnicity,"Black, non-Hispanic"
2019,United States,Diabetes,"Diabetic ketoacidosis mortality among all people, underlying or contributing cause",1.5,Race/Ethnicity,Hispanic
2019,United States,Diabetes,Diabetes among adults,9.5,Sex,Female
2019,United States,Diabetes,Diabetes among adults,12.0,Race/Ethnicity,Hispanic
2019,United States,Diabetes,"Diabetic ketoacidosis mortality among all people, underlying or contributing cause",1.7,Overall,Overall
2019,United States,Diabetes,Diabetes among adults,8.3,Race/Ethnicity,"White, non-Hispanic"
2019,United States,Diabetes,"Diabetic ketoacidosis mortality among all people, underlying or contributing cause",1.1,Race/Ethnicity,Hispanic
2019,United States,Diabetes,Gestational diabetes among women with a recent live birth,8.5,Race/Ethnicity,"Black, non-Hispanic"
2019,United States,Diabetes,"Diabetic ketoacidosis mortality among all people, underlying or contributing cause",1.2,Sex,Female
2019,United States,Diabetes,"Diabetic ketoacidosis mortality among all people, underlying or contributing cause",3140.0,Sex,Male
2019,United States,Diabetes,"Diabetic ketoacidosis mortality among all people, underlying or contributing cause",151.0,Race/Ethnicity,"Asian, non-Hispanic"
2019,United States,Diabetes,"Diabetic ketoacidosis mortality among all people, underlying or contributing cause",1.5,Overall,Overall
2019,United States,Diabetes,"Diabetic ketoacidosis mortality among all people, underlying or contributing cause",1.4,Race/Ethnicity,"White, non-Hispanic"
2019,United States,Diabetes,"Diabetic ketoacidosis mortality among all people, underlying or contributing cause",2295.0,Age,Age >=65
2019,United States,Diabetes,"Diabetic ketoacidosis mortality among all people, underlying or contributing cause",0.8,Race/Ethnicity,"Asian, non-Hispanic"
2019,United States,Diabetes,"Diabetic ketoacidosis mortality among all people, underlying or contributing cause",2464.0,Sex,Female
2019,United States,Diabetes,"Diabetic ketoacidosis mortality among all people, underlying or contributing cause",1.8,Race/Ethnicity,"White, non-Hispanic"
2019,United States,Diabetes,"Diabetic ketoacidosis mortality among all people, underlying or contributing cause",0.8,Race/Ethnicity,"Multiracial, non-Hispanic"
2019,United States,Diabetes,"Diabetic ketoacidosis mortality among all people, underlying or contributing cause",2.6,Race/Ethnicity,"Black, non-Hispanic"
2019,United States,Diabetes,"Diabetic ketoacidosis mortality among all people, underlying or contributing cause",2.2,Race/Ethnicity,"American Indian or Alaska Native, non-Hispanic"
2019,United States,Diabetes,"Diabetic ketoacidosis mortality among all people, underlying or contributing cause",5604.0,Overall,Overall
2019,United States,Diabetes,"Diabetic ketoacidosis mortality among all people, underlying or contributing cause",2.6,Age,Age 45-64
2019,United States,Diabetes,"Diabetic ketoacidosis mortality among all people, underlying or contributing cause",0.6,Age,Age 0-44
2019,United States,Diabetes,"Diabetic ketoacidosis mortality among all people, underlying or contributing cause",3631.0,Race/Ethnicity,"White, non-Hispanic"
2019,United States,Diabetes,Gestational diabetes among women with a recent live birth,9.1,Race/Ethnicity,"White, non-Hispanic"
2019,United States,Diabetes,"Diabetic ketoacidosis mortality among all people, underlying or contributing cause",0.5,Race/Ethnicity,"Multiracial, non-Hispanic"
2019,United States,Diabetes,"Diabetic ketoacidosis mortality among all people, underlying or contributing cause",54.0,Race/Ethnicity,"American Indian or Alaska Native, non-Hispanic"
2019,United States,Diabetes,Diabetes among adults,11.1,Overall,Overall
2019,United States,Diabetes,"Diabetic ketoacidosis mortality among all people, underlying or contributing cause",2132.0,Age,Age 45-64
2019,United States,Diabetes,"Diabetic ketoacidosis mortality among all people, underlying or contributing cause",652.0,Race/Ethnicity,Hispanic
2019,United States,Diabetes,"Diabetic ketoacidosis mortality among all people, underlying or contributing cause",1.5,Sex,Female
2019,United States,Diabetes,"Diabetic ketoacidosis mortality among all people, underlying or contributing cause",0.8,Race/Ethnicity,"Asian, non-Hispanic"
2019,United States,Diabetes,"Diabetic ketoacidosis mortality among all people, underlying or contributing cause",4.2,Age,Age >=65
2019,United States,Diabetes,Diabetes among adults,10.1,Race/Ethnicity,"Asian, non-Hispanic"
2019,United States,Diabetes,"Diabetes mortality among all people, underlying or contributing cause",6773.0,Age,Age 0-44
2019,United States,Diabetes,Diabetes among adults,7.8,Race/Ethnicity,"Asian, non-Hispanic"
2019,United States,Diabetes,"Diabetes mortality among all people, underlying or contributing cause",1356.0,Race/Ethnicity,"Multiracial, non-Hispanic"
2019,United States,Diabetes,"Diabetes mortality among all people, underlying or contributing cause",69.3,Overall,Overall
2019,United States,Diabetes,"Diabetes mortality among all people, underlying or contributing cause",9064.0,Race/Ethnicity,"Asian, non-Hispanic"
2019,United States,Diabetes,Diabetes among adults,10.7,Sex,Male
2019,United States,Diabetes,Diabetes among adults,14.9,Race/Ethnicity,"American Indian or Alaska Native, non-Hispanic"
2019,United States,Diabetes,"Diabetes mortality among all people, underlying or contributing cause",103.7,Race/Ethnicity,"Native Hawaiian or Other Pacific Islander, non-Hispanic"
2019,United States,Diabetes,"Diabetes mortality among all people, underlying or contributing cause",87.9,Sex,Male
2019,United States,Diabetes,Diabetes among adults,23.1,Age,Age >=65
2019,United States,Diabetes,"Diabetes mortality among all people, underlying or contributing cause",41729.0,Race/Ethnicity,"Black, non-Hispanic"
2019,United States,Diabetes,Diabetes among adults,11.4,Race/Ethnicity,"Multiracial, non-Hispanic"
2019,United States,Diabetes,"Diabetes mortality among all people, underlying or contributing cause",120.3,Race/Ethnicity,"American Indian or Alaska Native, non-Hispanic"
2019,United States,Diabetes,"Diabetic ketoacidosis mortality among all people, underlying or contributing cause",2.3,Race/Ethnicity,"American Indian or Alaska Native, non-Hispanic"
2019,United States,Diabetes,"Diabetes mortality among all people, underlying or contributing cause",157805.0,Sex,Male
2019,United States,Diabetes,Diabetes among adults,12.7,Race/Ethnicity,"Multiracial, non-Hispanic"
2019,United States,Diabetes,"Diabetes mortality among all people, underlying or contributing cause",64.8,Race/Ethnicity,"White, non-Hispanic"
2019,United States,Diabetes,"Diabetes mortality among all people, underlying or contributing cause",100.0,Race/Ethnicity,"White, non-Hispanic"
2019,United States,Diabetes,Diabetes among adults,16.4,Race/Ethnicity,"American Indian or Alaska Native, non-Hispanic"
2019,United States,Diabetes,"Diabetes mortality among all people, underlying or contributing cause",18.6,Race/Ethnicity,"Multiracial, non-Hispanic"
2019,United States,Diabetes,"Diabetes mortality among all people, underlying or contributing cause",197355.0,Race/Ethnicity,"White, non-Hispanic"
2019,United States,Diabetes,Diabetes among adults,11.5,Sex,Male
2019,United States,Diabetes,Diabetes among adults,14.8,Race/Ethnicity,"Black, non-Hispanic"
2019,United States,Diabetes,"Diabetes mortality among all people, underlying or contributing cause",117.4,Race/Ethnicity,"Native Hawaiian or Other Pacific Islander, non-Hispanic"
2019,United States,Diabetes,"Diabetes mortality among all people, underlying or contributing cause",124996.0,Sex,Female
2019,United States,Diabetes,"Diabetes mortality among all people, underlying or contributing cause",2814.0,Race/Ethnicity,"American Indian or Alaska Native, non-Hispanic"
2019,United States,Diabetes,Gestational diabetes among women with a recent live birth,10.0,Overall,Overall
2019,United States,Diabetes,Diabetes among adults,14.5,Race/Ethnicity,Hispanic
2019,United States,Diabetes,"Diabetes mortality among all people, underlying or contributing cause",48.1,Race/Ethnicity,Hispanic
2019,United States,Diabetes,Diabetes among adults,2.9,Age,Age 18-44
2019,United States,Diabetes,"Diabetes mortality among all people, underlying or contributing cause",282801.0,Overall,Overall
2019,United States,Diabetes,Diabetes among adults,10.0,Overall,Overall
2019,United States,Diabetes,"Diabetes mortality among all people, underlying or contributing cause",54.4,Sex,Female
2019,United States,Diabetes,Diabetes among adults,13.6,Race/Ethnicity,"Native Hawaiian or Other Pacific Islander, non-Hispanic"
2019,United States,Diabetes,"Diabetes mortality among all people, underlying or contributing cause",101.4,Race/Ethnicity,"Black, non-Hispanic"
2019,United States,Diabetes,"Diabetes mortality among all people, underlying or contributing cause",3.5,Age,Age 0-44
2019,United States,Diabetes,"Diabetes mortality among all people, underlying or contributing cause",105.8,Race/Ethnicity,"Black, non-Hispanic"
2019,United States,Diabetes,"Diabetes mortality among all people, underlying or contributing cause",216589.0,Age,Age >=65
2019,United States,Diabetes,Gestational diabetes among women with a recent live birth,12.4,Race/Ethnicity,"Native Hawaiian or Other Pacific Islander, non-Hispanic"
2019,United States,Diabetes,"Diabetes mortality among all people, underlying or contributing cause",86.2,Overall,Overall
2019,United States,Diabetes,"Diabetic ketoacidosis mortality among all people, underlying or contributing cause",33.0,Race/Ethnicity,"Multiracial, non-Hispanic"
2020,United States,Diabetes,"Diabetic ketoacidosis mortality among all people, underlying or contributing cause",4908.0,Sex,Male
2020,United States,Diabetes,Diabetes among adults,11.9,Race/Ethnicity,Hispanic
2020,United States,Diabetes,Diabetes among adults,10.5,Race/Ethnicity,"White, non-Hispanic"
2020,United States,Diabetes,Gestational diabetes among women with a recent live birth,10.9,Overall,Overall
2020,United States,Diabetes,Gestational diabetes among women with a recent live birth,9.4,Race/Ethnicity,"White, non-Hispanic"
2020,United States,Diabetes,Diabetes among adults,9.4,Sex,Female
2020,United States,Diabetes,Gestational diabetes among women with a recent live birth,10.5,Race/Ethnicity,"Multiracial, non-Hispanic"
2020,United States,Diabetes,Diabetes among adults,6.8,Race/Ethnicity,"Asian, non-Hispanic"
2020,United States,Diabetes,Gestational diabetes among women with a recent live birth,22.4,Race/Ethnicity,"Asian, non-Hispanic"
2020,United States,Diabetes,Diabetes among adults,15.5,Race/Ethnicity,"Black, non-Hispanic"
2020,United States,Diabetes,Diabetes among adults,11.4,Race/Ethnicity,"Multiracial, non-Hispanic"
2020,United States,Diabetes,Diabetes among adults,14.2,Race/Ethnicity,Hispanic
2020,United States,Diabetes,Diabetes among adults,14.7,Race/Ethnicity,"Black, non-Hispanic"
2020,United States,Diabetes,Diabetes among adults,14.6,Age,Age 45-64
2020,United States,Diabetes,Gestational diabetes among women with a recent live birth,18.9,Race/Ethnicity,"American Indian or Alaska Native, non-Hispanic"
2020,United States,Diabetes,Diabetes among adults,10.7,Sex,Female
2020,United States,Diabetes,Diabetes among adults,3.2,Age,Age 18-44
2020,United States,Diabetes,Diabetes among adults,8.4,Race/Ethnicity,"White, non-Hispanic"
2020,United States,Diabetes,Diabetes among adults,22.7,Age,Age >=65
2020,United States,Diabetes,Diabetes among adults,11.6,Sex,Male
2020,United States,Diabetes,Diabetes among adults,13.1,Race/Ethnicity,"American Indian or Alaska Native, non-Hispanic"
2020,United States,Diabetes,Diabetes among adults,10.8,Sex,Male
2020,United States,Diabetes,Gestational diabetes among women with a recent live birth,12.5,Race/Ethnicity,Hispanic
2020,United States,Diabetes,Diabetes among adults,10.2,Race/Ethnicity,"Multiracial, non-Hispanic"
2020,United States,Diabetes,Diabetes among adults,10.0,Overall,Overall
2020,United States,Diabetes,Diabetes among adults,14.0,Race/Ethnicity,"American Indian or Alaska Native, non-Hispanic"
2020,United States,Diabetes,Gestational diabetes among women with a recent live birth,10.0,Race/Ethnicity,"Black, non-Hispanic"
2020,United States,Diabetes,Diabetes among adults,9.0,Race/Ethnicity,"Asian, non-Hispanic"
2020,United States,Diabetes,Diabetes among adults,11.1,Overall,Overall
2020,United States,Diabetes,Diabetes among adults,14.6,Race/Ethnicity,"Native Hawaiian or Other Pacific Islander, non-Hispanic"
2020,United States,Diabetes,Diabetes among adults,12.0,Race/Ethnicity,"Native Hawaiian or Other Pacific Islander, non-Hispanic"
2020,United States,Diabetes,Gestational diabetes among women with a recent live birth,23.5,Race/Ethnicity,"Native Hawaiian or Other Pacific Islander, non-Hispanic"
2020,United States,Diabetes,"Diabetes mortality among all people, underlying or contributing cause",218040.0,Sex,Male
2020,United States,Diabetes,"Diabetes mortality among all people, underlying or contributing cause",10457.0,Age,Age 0-44
2020,United States,Diabetes,"Diabetes mortality among all people, underlying or contributing cause",81.2,Race/Ethnicity,"White, non-Hispanic"
2020,United States,Diabetes,"Diabetes mortality among all people, underlying or contributing cause",64223.0,Race/Ethnicity,"Black, non-Hispanic"
2020,United States,Diabetes,"Diabetes mortality among all people, underlying or contributing cause",185.4,Race/Ethnicity,"American Indian or Alaska Native, non-Hispanic"
2020,United States,Diabetes,"Diabetes mortality among all people, underlying or contributing cause",959.0,Race/Ethnicity,"Native Hawaiian or Other Pacific Islander, non-Hispanic"
2020,United States,Diabetes,"Diabetes mortality among all people, underlying or contributing cause",84.9,Race/Ethnicity,Hispanic
2020,United States,Diabetes,"Diabetes mortality among all people, underlying or contributing cause",170026.0,Sex,Female
2020,United States,Diabetes,"Diabetes mortality among all people, underlying or contributing cause",4536.0,Race/Ethnicity,"American Indian or Alaska Native, non-Hispanic"
2020,United States,Diabetes,"Diabetes mortality among all people, underlying or contributing cause",126.9,Race/Ethnicity,"White, non-Hispanic"
2020,United States,Diabetes,"Diabetes mortality among all people, underlying or contributing cause",530.0,Age,Age >=65
2020,United States,Diabetes,"Diabetes mortality among all people, underlying or contributing cause",52028.0,Race/Ethnicity,Hispanic
2020,United States,Diabetes,"Diabetes mortality among all people, underlying or contributing cause",101.7,Sex,Female
2020,United States,Diabetes,"Diabetes mortality among all people, underlying or contributing cause",68.6,Race/Ethnicity,"Asian, non-Hispanic"
2020,United States,Diabetes,"Diabetes mortality among all people, underlying or contributing cause",134.4,Sex,Male
2020,United States,Diabetes,"Diabetes mortality among all people, underlying or contributing cause",50.7,Race/Ethnicity,"Multiracial, non-Hispanic"
2020,United States,Diabetes,"Diabetes mortality among all people, underlying or contributing cause",70.7,Race/Ethnicity,"Asian, non-Hispanic"
2020,United States,Diabetes,"Diabetes mortality among all people, underlying or contributing cause",294996.0,Age,Age >=65
2020,United States,Diabetes,"Diabetes mortality among all people, underlying or contributing cause",249718.0,Race/Ethnicity,"White, non-Hispanic"
2020,United States,Diabetes,"Diabetes mortality among all people, underlying or contributing cause",155.0,Race/Ethnicity,"Black, non-Hispanic"
2020,United States,Diabetes,"Diabetes mortality among all people, underlying or contributing cause",5.5,Age,Age 0-44
2020,United States,Diabetes,"Diabetes mortality among all people, underlying or contributing cause",388066.0,Overall,Overall
2020,United States,Diabetes,"Diabetes mortality among all people, underlying or contributing cause",73.0,Sex,Female
2020,United States,Diabetes,"Diabetes mortality among all people, underlying or contributing cause",25.1,Race/Ethnicity,"Multiracial, non-Hispanic"
2020,United States,Diabetes,"Diabetes mortality among all people, underlying or contributing cause",13684.0,Race/Ethnicity,"Asian, non-Hispanic"
2020,United States,Diabetes,"Diabetes mortality among all people, underlying or contributing cause",119.0,Sex,Male
2020,United States,Diabetes,"Diabetes mortality among all people, underlying or contributing cause",156.3,Race/Ethnicity,"Native Hawaiian or Other Pacific Islander, non-Hispanic"
2020,United States,Diabetes,"Diabetes mortality among all people, underlying or contributing cause",1894.0,Race/Ethnicity,"Multiracial, non-Hispanic"
2020,United States,Diabetes,"Diabetes mortality among all people, underlying or contributing cause",93.6,Overall,Overall
2020,United States,Diabetes,"Diabetes mortality among all people, underlying or contributing cause",82604.0,Age,Age 45-64
2020,United States,Diabetes,"Diabetes mortality among all people, underlying or contributing cause",99.8,Age,Age 45-64
2020,United States,Diabetes,"Diabetes mortality among all people, underlying or contributing cause",117.8,Overall,Overall
2020,United States,Diabetes,"Diabetes mortality among all people, underlying or contributing cause",127.1,Race/Ethnicity,Hispanic
2020,United States,Diabetes,"Diabetes mortality among all people, underlying or contributing cause",186.5,Race/Ethnicity,"American Indian or Alaska Native, non-Hispanic"
2020,United States,Diabetes,"Diabetes mortality among all people, underlying or contributing cause",158.3,Race/Ethnicity,"Black, non-Hispanic"
2020,United States,Diabetes,"Diabetes mortality among all people, underlying or contributing cause",176.0,Race/Ethnicity,"Native Hawaiian or Other Pacific Islander, non-Hispanic"
2020,United States,Diabetes,"Diabetic ketoacidosis mortality among all people, underlying or contributing cause",4.6,Race/Ethnicity,"Black, non-Hispanic"
2020,United States,Diabetes,"Diabetic ketoacidosis mortality among all people, underlying or contributing cause",58.0,Race/Ethnicity,"Multiracial, non-Hispanic"
2020,United States,Diabetes,"Diabetic ketoacidosis mortality among all people, underlying or contributing cause",2.1,Sex,Female
2020,United States,Diabetes,"Diabetic ketoacidosis mortality among all people, underlying or contributing cause",0.8,Race/Ethnicity,"Multiracial, non-Hispanic"
2020,United States,Diabetes,"Diabetic ketoacidosis mortality among all people, underlying or contributing cause",1.7,Sex,Female
2020,United States,Diabetes,"Diabetic ketoacidosis mortality among all people, underlying or contributing cause",1.3,Race/Ethnicity,"Multiracial, non-Hispanic"
2020,United States,Diabetes,"Diabetic ketoacidosis mortality among all people, underlying or contributing cause",3442.0,Age,Age >=65
2020,United States,Diabetes,"Diabetic ketoacidosis mortality among all people, underlying or contributing cause",4694.0,Race/Ethnicity,"White, non-Hispanic"
2020,United States,Diabetes,"Diabetic ketoacidosis mortality among all people, underlying or contributing cause",1.1,Race/Ethnicity,"Asian, non-Hispanic"
2020,United States,Diabetes,"Diabetic ketoacidosis mortality among all people, underlying or contributing cause",206.0,Race/Ethnicity,"Asian, non-Hispanic"
2020,United States,Diabetes,"Diabetic ketoacidosis mortality among all people, underlying or contributing cause",2.2,Overall,Overall
2020,United States,Diabetes,"Diabetic ketoacidosis mortality among all people, underlying or contributing cause",2.7,Race/Ethnicity,Hispanic
2020,United States,Diabetes,"Diabetic ketoacidosis mortality among all people, underlying or contributing cause",1923.0,Race/Ethnicity,"Black, non-Hispanic"
2020,United States,Diabetes,"Diabetic ketoacidosis mortality among all people, underlying or contributing cause",1.0,Race/Ethnicity,"Asian, non-Hispanic"
2020,United States,Diabetes,"Diabetic ketoacidosis mortality among all people, underlying or contributing cause",6.2,Age,Age >=65
2020,United States,Diabetes,"Diabetic ketoacidosis mortality among all people, underlying or contributing cause",2.8,Sex,Male
2020,United States,Diabetes,"Diabetic ketoacidosis mortality among all people, underlying or contributing cause",1285.0,Race/Ethnicity,Hispanic
2020,United States,Diabetes,"Diabetic ketoacidosis mortality among all people, underlying or contributing cause",5.1,Race/Ethnicity,"American Indian or Alaska Native, non-Hispanic"
2020,United States,Diabetes,"Diabetic ketoacidosis mortality among all people, underlying or contributing cause",2.4,Race/Ethnicity,"White, non-Hispanic"
2020,United States,Diabetes,"Diabetic ketoacidosis mortality among all people, underlying or contributing cause",3.0,Sex,Male
2020,United States,Diabetes,"Diabetic ketoacidosis mortality among all people, underlying or contributing cause",1915.0,Age,Age 0-44
2020,United States,Diabetes,"Diabetic ketoacidosis mortality among all people, underlying or contributing cause",5.1,Race/Ethnicity,"American Indian or Alaska Native, non-Hispanic"
2020,United States,Diabetes,"Diabetic ketoacidosis mortality among all people, underlying or contributing cause",3.6,Age,Age 45-64
2020,United States,Diabetes,"Diabetic ketoacidosis mortality among all people, underlying or contributing cause",8342.0,Overall,Overall
2020,United States,Diabetes,"Diabetic ketoacidosis mortality among all people, underlying or contributing cause",123.0,Race/Ethnicity,"American Indian or Alaska Native, non-Hispanic"
2020,United States,Diabetes,"Diabetic ketoacidosis mortality among all people, underlying or contributing cause",2985.0,Age,Age 45-64
2020,United States,Diabetes,"Diabetic ketoacidosis mortality among all people, underlying or contributing cause",4.6,Race/Ethnicity,"Black, non-Hispanic"
2020,United States,Diabetes,"Diabetic ketoacidosis mortality among all people, underlying or contributing cause",1.0,Age,Age 0-44
2020,United States,Diabetes,"Diabetic ketoacidosis mortality among all people, underlying or contributing cause",3434.0,Sex,Female
2020,United States,Diabetes,"Diabetic ketoacidosis mortality among all people, underlying or contributing cause",2.5,Overall,Overall
2020,United States,Diabetes,"Diabetic ketoacidosis mortality among all people, underlying or contributing cause",2.1,Race/Ethnicity,Hispanic
2020,United States,Diabetes,"Diabetic ketoacidosis mortality among all people, underlying or contributing cause",1.9,Race/Ethnicity,"White, non-Hispanic"
2021,United States,Diabetes,Diabetes among adults,11.0,Sex,Male
2021,United States,Diabetes,Diabetes among adults,12.1,Race/Ethnicity,Hispanic
2021,United States,Diabetes,Diabetes among adults,10.0,Race/Ethnicity,"Multiracial, non-Hispanic"
2021,United States,Diabetes,"Diabetic ketoacidosis mortality among all people, underlying or contributing cause",9627.0,Overall,Overall
2021,United States,Diabetes,"Diabetes mortality among all people, underlying or contributing cause",296942.0,Age,Age >=65
2021,United States,Diabetes,"Diabetes mortality among all people, underlying or contributing cause",27.2,Race/Ethnicity,"Multiracial, non-Hispanic"
2021,United States,Diabetes,"Diabetes mortality among all people, underlying or contributing cause",6.4,Age,Age 0-44
2021,United States,Diabetes,"Diabetes mortality among all people, underlying or contributing cause",70.2,Race/Ethnicity,"Asian, non-Hispanic"
2021,United States,Diabetes,Gestational diabetes among women with a recent live birth,12.6,Race/Ethnicity,Hispanic
2021,United States,Diabetes,"Diabetes mortality among all people, underlying or contributing cause",147.9,Race/Ethnicity,"Black, non-Hispanic"
2021,United States,Diabetes,"Diabetes mortality among all people, underlying or contributing cause",4772.0,Race/Ethnicity,"American Indian or Alaska Native, non-Hispanic"
2021,United States,Diabetes,"Diabetes mortality among all people, underlying or contributing cause",108.1,Age,Age 45-64
2021,United States,Diabetes,"Diabetes mortality among all people, underlying or contributing cause",123.6,Sex,Male
2021,United States,Diabetes,"Diabetes mortality among all people, underlying or contributing cause",171.2,Race/Ethnicity,"Native Hawaiian or Other Pacific Islander, non-Hispanic"
2021,United States,Diabetes,"Diabetes mortality among all people, underlying or contributing cause",80.1,Race/Ethnicity,Hispanic
2021,United States,Diabetes,"Diabetes mortality among all people, underlying or contributing cause",90215.0,Age,Age 45-64
2021,United States,Diabetes,"Diabetes mortality among all people, underlying or contributing cause",194.6,Race/Ethnicity,"American Indian or Alaska Native, non-Hispanic"
2021,United States,Diabetes,"Diabetes mortality among all people, underlying or contributing cause",118.6,Race/Ethnicity,Hispanic
2021,United States,Diabetes,"Diabetic ketoacidosis mortality among all people, underlying or contributing cause",4.8,Race/Ethnicity,"Black, non-Hispanic"
2021,United States,Diabetes,"Diabetes mortality among all people, underlying or contributing cause",531.7,Age,Age >=65
2021,United States,Diabetes,"Diabetes mortality among all people, underlying or contributing cause",191.7,Race/Ethnicity,"American Indian or Alaska Native, non-Hispanic"
2021,United States,Diabetes,Diabetes among adults,11.4,Race/Ethnicity,"Multiracial, non-Hispanic"
2021,United States,Diabetes,"Diabetes mortality among all people, underlying or contributing cause",61908.0,Race/Ethnicity,"Black, non-Hispanic"
2021,United States,Diabetes,"Diabetes mortality among all people, underlying or contributing cause",12240.0,Age,Age 0-44
2021,United States,Diabetes,"Diabetes mortality among all people, underlying or contributing cause",68.7,Race/Ethnicity,"Asian, non-Hispanic"
2021,United States,Diabetes,"Diabetes mortality among all people, underlying or contributing cause",98.1,Overall,Overall
2021,United States,Diabetes,"Diabetes mortality among all people, underlying or contributing cause",50167.0,Race/Ethnicity,Hispanic
2021,United States,Diabetes,"Diabetes mortality among all people, underlying or contributing cause",173976.0,Sex,Female
2021,United States,Diabetes,Diabetes among adults,14.4,Race/Ethnicity,"Black, non-Hispanic"
2021,United States,Diabetes,"Diabetes mortality among all people, underlying or contributing cause",152.0,Race/Ethnicity,"Black, non-Hispanic"
2021,United States,Diabetes,"Diabetes mortality among all people, underlying or contributing cause",120.3,Overall,Overall
2021,United States,Diabetes,"Diabetes mortality among all people, underlying or contributing cause",264707.0,Race/Ethnicity,"White, non-Hispanic"
2021,United States,Diabetes,Gestational diabetes among women with a recent live birth,24.1,Race/Ethnicity,"Asian, non-Hispanic"
2021,United States,Diabetes,"Diabetes mortality among all people, underlying or contributing cause",77.3,Sex,Female
2021,United States,Diabetes,Diabetes among adults,8.5,Race/Ethnicity,"White, non-Hispanic"
2021,United States,Diabetes,Diabetes among adults,15.0,Race/Ethnicity,"American Indian or Alaska Native, non-Hispanic"
2021,United States,Diabetes,Diabetes among adults,9.6,Race/Ethnicity,"Asian, non-Hispanic"
2021,United States,Diabetes,Diabetes among adults,15.5,Race/Ethnicity,"Black, non-Hispanic"
2021,United States,Diabetes,"Diabetes mortality among all people, underlying or contributing cause",103.9,Sex,Female
2021,United States,Diabetes,"Diabetic ketoacidosis mortality among all people, underlying or contributing cause",3583.0,Age,Age 45-64
2021,United States,Diabetes,"Diabetic ketoacidosis mortality among all people, underlying or contributing cause",2.2,Race/Ethnicity,Hispanic
2021,United States,Diabetes,"Diabetic ketoacidosis mortality among all people, underlying or contributing cause",4.7,Race/Ethnicity,"Black, non-Hispanic"
2021,United States,Diabetes,"Diabetic ketoacidosis mortality among all people, underlying or contributing cause",2.3,Race/Ethnicity,"White, non-Hispanic"
2021,United States,Diabetes,"Diabetic ketoacidosis mortality among all people, underlying or contributing cause",5.4,Race/Ethnicity,"American Indian or Alaska Native, non-Hispanic"
2021,United States,Diabetes,"Diabetic ketoacidosis mortality among all people, underlying or contributing cause",2.9,Overall,Overall
2021,United States,Diabetes,"Diabetic ketoacidosis mortality among all people, underlying or contributing cause",1375.0,Race/Ethnicity,Hispanic
2021,United States,Diabetes,"Diabetic ketoacidosis mortality among all people, underlying or contributing cause",2.9,Race/Ethnicity,"White, non-Hispanic"
2021,United States,Diabetes,"Diabetic ketoacidosis mortality among all people, underlying or contributing cause",4.3,Age,Age 45-64
2021,United States,Diabetes,"Diabetic ketoacidosis mortality among all people, underlying or contributing cause",5489.0,Sex,Male
2021,United States,Diabetes,"Diabetic ketoacidosis mortality among all people, underlying or contributing cause",1.4,Race/Ethnicity,"Asian, non-Hispanic"
2021,United States,Diabetes,"Diabetic ketoacidosis mortality among all people, underlying or contributing cause",1.6,Race/Ethnicity,"Multiracial, non-Hispanic"
2021,United States,Diabetes,"Diabetic ketoacidosis mortality among all people, underlying or contributing cause",5704.0,Race/Ethnicity,"White, non-Hispanic"
2021,United States,Diabetes,"Diabetic ketoacidosis mortality among all people, underlying or contributing cause",3985.0,Age,Age >=65
2021,United States,Diabetes,"Diabetic ketoacidosis mortality among all people, underlying or contributing cause",3.3,Sex,Male
2021,United States,Diabetes,"Diabetic ketoacidosis mortality among all people, underlying or contributing cause",1.3,Race/Ethnicity,"Asian, non-Hispanic"
2021,United States,Diabetes,"Diabetic ketoacidosis mortality among all people, underlying or contributing cause",28.0,Race/Ethnicity,"Native Hawaiian or Other Pacific Islander, non-Hispanic"
2021,United States,Diabetes,"Diabetic ketoacidosis mortality among all people, underlying or contributing cause",2.8,Race/Ethnicity,Hispanic
2021,United States,Diabetes,"Diabetic ketoacidosis mortality among all people, underlying or contributing cause",132.0,Race/Ethnicity,"American Indian or Alaska Native, non-Hispanic"
2021,United States,Diabetes,"Diabetic ketoacidosis mortality among all people, underlying or contributing cause",7.1,Age,Age >=65
2021,United States,Diabetes,"Diabetic ketoacidosis mortality among all people, underlying or contributing cause",4138.0,Sex,Female
2021,United States,Diabetes,"Diabetic ketoacidosis mortality among all people, underlying or contributing cause",76.0,Race/Ethnicity,"Multiracial, non-Hispanic"
2021,United States,Diabetes,"Diabetic ketoacidosis mortality among all people, underlying or contributing cause",2.5,Sex,Female
2021,United States,Diabetes,Diabetes among adults,14.7,Race/Ethnicity,Hispanic
2021,United States,Diabetes,"Diabetic ketoacidosis mortality among all people, underlying or contributing cause",272.0,Race/Ethnicity,"Asian, non-Hispanic"
2021,United States,Diabetes,"Diabetic ketoacidosis mortality among all people, underlying or contributing cause",5.3,Race/Ethnicity,"American Indian or Alaska Native, non-Hispanic"
2021,United States,Diabetes,"Diabetic ketoacidosis mortality among all people, underlying or contributing cause",2.5,Overall,Overall
2021,United States,Diabetes,"Diabetic ketoacidosis mortality among all people, underlying or contributing cause",4.7,Race/Ethnicity,"Native Hawaiian or Other Pacific Islander, non-Hispanic"
2021,United States,Diabetes,"Diabetic ketoacidosis mortality among all people, underlying or contributing cause",4.5,Race/Ethnicity,"Native Hawaiian or Other Pacific Islander, non-Hispanic"
2021,United States,Diabetes,"Diabetic ketoacidosis mortality among all people, underlying or contributing cause",2007.0,Race/Ethnicity,"Black, non-Hispanic"
2021,United States,Diabetes,"Diabetic ketoacidosis mortality among all people, underlying or contributing cause",2058.0,Age,Age 0-44
2021,United States,Diabetes,"Diabetic ketoacidosis mortality among all people, underlying or contributing cause",1.0,Race/Ethnicity,"Multiracial, non-Hispanic"
2021,United States,Diabetes,"Diabetic ketoacidosis mortality among all people, underlying or contributing cause",2.1,Sex,Female
2021,United States,Diabetes,Gestational diabetes among women with a recent live birth,11.9,Race/Ethnicity,"Native Hawaiian or Other Pacific Islander, non-Hispanic"
2021,United States,Diabetes,Diabetes among adults,10.3,Overall,Overall
2021,United States,Diabetes,"Diabetic ketoacidosis mortality among all people, underlying or contributing cause",3.1,Sex,Male
2021,United States,Diabetes,Diabetes among adults,22.6,Age,Age >=65
2021,United States,Diabetes,Diabetes among adults,11.8,Sex,Male
2021,United States,Diabetes,Diabetes among adults,13.9,Race/Ethnicity,"American Indian or Alaska Native, non-Hispanic"
2021,United States,Diabetes,"Diabetic ketoacidosis mortality among all people, underlying or contributing cause",1.1,Age,Age 0-44
2021,United States,Diabetes,Diabetes among adults,11.0,Sex,Female
2021,United States,Diabetes,"Diabetes mortality among all people, underlying or contributing cause",1072.0,Race/Ethnicity,"Native Hawaiian or Other Pacific Islander, non-Hispanic"
2021,United States,Diabetes,Gestational diabetes among women with a recent live birth,9.4,Race/Ethnicity,"White, non-Hispanic"
2021,United States,Diabetes,Gestational diabetes among women with a recent live birth,11.0,Overall,Overall
2021,United States,Diabetes,"Diabetes mortality among all people, underlying or contributing cause",187.6,Race/Ethnicity,"Native Hawaiian or Other Pacific Islander, non-Hispanic"
2021,United States,Diabetes,"Diabetes mortality among all people, underlying or contributing cause",2117.0,Race/Ethnicity,"Multiracial, non-Hispanic"
2021,United States,Diabetes,Diabetes among adults,11.4,Race/Ethnicity,"Native Hawaiian or Other Pacific Islander, non-Hispanic"
2021,United States,Diabetes,Diabetes among adults,3.4,Age,Age 18-44
2021,United States,Diabetes,Diabetes among adults,13.8,Race/Ethnicity,"Native Hawaiian or Other Pacific Islander, non-Hispanic"
2021,United States,Diabetes,"Diabetes mortality among all people, underlying or contributing cause",225425.0,Sex,Male
2021,United States,Diabetes,Diabetes among adults,15.1,Age,Age 45-64
2021,United States,Diabetes,"Diabetes mortality among all people, underlying or contributing cause",88.9,Race/Ethnicity,"White, non-Hispanic"
2021,United States,Diabetes,Diabetes among adults,9.7,Sex,Female
2021,United States,Diabetes,"Diabetes mortality among all people, underlying or contributing cause",54.5,Race/Ethnicity,"Multiracial, non-Hispanic"
2021,United States,Diabetes,Gestational diabetes among women with a recent live birth,10.1,Race/Ethnicity,"Black, non-Hispanic"
2021,United States,Diabetes,Diabetes among adults,11.7,Race/Ethnicity,"Asian, non-Hispanic"
2021,United States,Diabetes,"Diabetes mortality among all people, underlying or contributing cause",134.5,Race/Ethnicity,"White, non-Hispanic"
2021,United States,Diabetes,Gestational diabetes among women with a recent live birth,14.0,Race/Ethnicity,"Multiracial, non-Hispanic"
2021,United States,Diabetes,Gestational diabetes among women with a recent live birth,15.5,Race/Ethnicity,"American Indian or Alaska Native, non-Hispanic"
2021,United States,Diabetes,Diabetes among adults,11.4,Overall,Overall
2021,United States,Diabetes,"Diabetes mortality among all people, underlying or contributing cause",399401.0,Overall,Overall
2021,United States,Diabetes,"Diabetes mortality among all people, underlying or contributing cause",13812.0,Race/Ethnicity,"Asian, non-Hispanic"
2021,United States,Diabetes,"Diabetes mortality among all people, underlying or contributing cause",137.1,Sex,Male
2021,United States,Diabetes,Diabetes among adults,10.5,Race/Ethnicity,"White, non-Hispanic"
2022,United States,Diabetes,"Diabetic ketoacidosis mortality among all people, underlying or contributing cause",3.7,Race/Ethnicity,"Black, non-Hispanic"
2022,United States,Diabetes,Diabetes among adults,12.8,Race/Ethnicity,Hispanic
2022,United States,Diabetes,"Diabetic ketoacidosis mortality among all people, underlying or contributing cause",3559.0,Age,Age >=65
2022,United States,Diabetes,"Diabetes mortality among all people, underlying or contributing cause",207606.0,Sex,Male
2022,United States,Diabetes,"Diabetes mortality among all people, underlying or contributing cause",491.8,Age,Age >=65
2022,United States,Diabetes,"Diabetes mortality among all people, underlying or contributing cause",81.4,Race/Ethnicity,"White, non-Hispanic"
2022,United States,Diabetes,Diabetes among adults,10.1,Sex,Female
2022,United States,Diabetes,"Diabetes mortality among all people, underlying or contributing cause",41104.0,Race/Ethnicity,Hispanic
2022,United States,Diabetes,Gestational diabetes among women with a recent live birth,13.2,Race/Ethnicity,"Multiracial, non-Hispanic"
2022,United States,Diabetes,"Diabetes mortality among all people, underlying or contributing cause",46.4,Race/Ethnicity,"Multiracial, non-Hispanic"
2022,United States,Diabetes,Diabetes among adults,11.9,Race/Ethnicity,"Asian, non-Hispanic"
2022,United States,Diabetes,Diabetes among adults,15.4,Race/Ethnicity,"Native Hawaiian or Other Pacific Islander, non-Hispanic"
2022,United States,Diabetes,"Diabetes mortality among all people, underlying or contributing cause",128.7,Race/Ethnicity,"White, non-Hispanic"
2022,United States,Diabetes,Diabetes among adults,11.2,Race/Ethnicity,"Multiracial, non-Hispanic"
2022,United States,Diabetes,"Diabetes mortality among all people, underlying or contributing cause",284233.0,Age,Age >=65
2022,United States,Diabetes,Gestational diabetes among women with a recent live birth,13.4,Race/Ethnicity,Hispanic
2022,United States,Diabetes,"Diabetic ketoacidosis mortality among all people, underlying or contributing cause",2920.0,Age,Age 45-64
2022,United States,Diabetes,"Diabetic ketoacidosis mortality among all people, underlying or contributing cause",3641.0,Sex,Female
2022,United States,Diabetes,Diabetes among adults,12.6,Sex,Male
2022,United States,Diabetes,Diabetes among adults,15.9,Race/Ethnicity,"Black, non-Hispanic"
2022,United States,Diabetes,"Diabetic ketoacidosis mortality among all people, underlying or contributing cause",126.0,Race/Ethnicity,"American Indian or Alaska Native, non-Hispanic"
2022,United States,Diabetes,"Diabetes mortality among all people, underlying or contributing cause",150.4,Race/Ethnicity,"Native Hawaiian or Other Pacific Islander, non-Hispanic"
2022,United States,Diabetes,Diabetes among adults,14.5,Race/Ethnicity,"Black, non-Hispanic"
2022,United States,Diabetes,"Diabetes mortality among all people, underlying or contributing cause",1918.0,Race/Ethnicity,"Multiracial, non-Hispanic"
2022,United States,Diabetes,Diabetes among adults,3.6,Age,Age 18-44
2022,United States,Diabetes,"Diabetic ketoacidosis mortality among all people, underlying or contributing cause",1741.0,Age,Age 0-44
2022,United States,Diabetes,"Diabetes mortality among all people, underlying or contributing cause",95.4,Race/Ethnicity,Hispanic
2022,United States,Diabetes,"Diabetic ketoacidosis mortality among all people, underlying or contributing cause",2.2,Sex,Female
2022,United States,Diabetes,"Diabetic ketoacidosis mortality among all people, underlying or contributing cause",1553.0,Race/Ethnicity,"Black, non-Hispanic"
2022,United States,Diabetes,Diabetes among adults,12.6,Race/Ethnicity,"Multiracial, non-Hispanic"
2022,United States,Diabetes,"Diabetic ketoacidosis mortality among all people, underlying or contributing cause",5.1,Race/Ethnicity,"American Indian or Alaska Native, non-Hispanic"
2022,United States,Diabetes,"Diabetes mortality among all people, underlying or contributing cause",252457.0,Race/Ethnicity,"White, non-Hispanic"
2022,United States,Diabetes,"Diabetes mortality among all people, underlying or contributing cause",110.9,Overall,Overall
2022,United States,Diabetes,"Diabetic ketoacidosis mortality among all people, underlying or contributing cause",0.9,Age,Age 0-44
2022,United States,Diabetes,"Diabetic ketoacidosis mortality among all people, underlying or contributing cause",2.5,Sex,Male
2022,United States,Diabetes,Diabetes among adults,16.8,Race/Ethnicity,"Native Hawaiian or Other Pacific Islander, non-Hispanic"
2022,United States,Diabetes,Diabetes among adults,11.2,Race/Ethnicity,"White, non-Hispanic"
2022,United States,Diabetes,"Diabetic ketoacidosis mortality among all people, underlying or contributing cause",1.0,Race/Ethnicity,"Asian, non-Hispanic"
2022,United States,Diabetes,"Diabetic ketoacidosis mortality among all people, underlying or contributing cause",8221.0,Overall,Overall
2022,United States,Diabetes,"Diabetic ketoacidosis mortality among all people, underlying or contributing cause",2.0,Race/Ethnicity,"White, non-Hispanic"
2022,United States,Diabetes,"Diabetic ketoacidosis mortality among all people, underlying or contributing cause",1.6,Race/Ethnicity,Hispanic
2022,United States,Diabetes,"Diabetes mortality among all people, underlying or contributing cause",161847.0,Sex,Female
2022,United States,Diabetes,"Diabetes mortality among all people, underlying or contributing cause",55294.0,Race/Ethnicity,"Black, non-Hispanic"
2022,United States,Diabetes,"Diabetic ketoacidosis mortality among all people, underlying or contributing cause",3.7,Race/Ethnicity,"Black, non-Hispanic"
2022,United States,Diabetes,"Diabetes mortality among all people, underlying or contributing cause",12742.0,Race/Ethnicity,"Asian, non-Hispanic"
2022,United States,Diabetes,"Diabetic ketoacidosis mortality among all people, underlying or contributing cause",2.5,Overall,Overall
2022,United States,Diabetes,"Diabetic ketoacidosis mortality among all people, underlying or contributing cause",6.2,Age,Age >=65
2022,United States,Diabetes,"Diabetes mortality among all people, underlying or contributing cause",153.8,Race/Ethnicity,"American Indian or Alaska Native, non-Hispanic"
2022,United States,Diabetes,Diabetes among adults,10.8,Overall,Overall
2022,United States,Diabetes,Diabetes among adults,17.7,Race/Ethnicity,"American Indian or Alaska Native, non-Hispanic"
2022,United States,Diabetes,"Diabetes mortality among all people, underlying or contributing cause",9818.0,Age,Age 0-44
2022,United States,Diabetes,"Diabetes mortality among all people, underlying or contributing cause",87.3,Overall,Overall
2022,United States,Diabetes,"Diabetes mortality among all people, underlying or contributing cause",133.3,Race/Ethnicity,"Black, non-Hispanic"
2022,United States,Diabetes,"Diabetic ketoacidosis mortality among all people, underlying or contributing cause",2.7,Race/Ethnicity,"White, non-Hispanic"
2022,United States,Diabetes,"Diabetes mortality among all people, underlying or contributing cause",369453.0,Overall,Overall
2022,United States,Diabetes,"Diabetic ketoacidosis mortality among all people, underlying or contributing cause",226.0,Race/Ethnicity,"Asian, non-Hispanic"
2022,United States,Diabetes,"Diabetic ketoacidosis mortality among all people, underlying or contributing cause",3.5,Age,Age 45-64
2022,United States,Diabetes,"Diabetic ketoacidosis mortality among all people, underlying or contributing cause",4580.0,Sex,Male
2022,United States,Diabetes,"Diabetes mortality among all people, underlying or contributing cause",131.4,Race/Ethnicity,"Black, non-Hispanic"
2022,United States,Diabetes,"Diabetic ketoacidosis mortality among all people, underlying or contributing cause",0.8,Race/Ethnicity,"Multiracial, non-Hispanic"
2022,United States,Diabetes,"Diabetic ketoacidosis mortality among all people, underlying or contributing cause",5.2,Race/Ethnicity,"American Indian or Alaska Native, non-Hispanic"
2022,United States,Diabetes,"Diabetic ketoacidosis mortality among all people, underlying or contributing cause",1.3,Race/Ethnicity,"Multiracial, non-Hispanic"
2022,United States,Diabetes,"Diabetic ketoacidosis mortality among all people, underlying or contributing cause",1002.0,Race/Ethnicity,Hispanic
2022,United States,Diabetes,Diabetes among adults,15.8,Race/Ethnicity,"American Indian or Alaska Native, non-Hispanic"
2022,United States,Diabetes,"Diabetes mortality among all people, underlying or contributing cause",125.6,Sex,Male
2022,United States,Diabetes,"Diabetic ketoacidosis mortality among all people, underlying or contributing cause",2.2,Overall,Overall
2022,United States,Diabetes,"Diabetes mortality among all people, underlying or contributing cause",891.0,Race/Ethnicity,"Native Hawaiian or Other Pacific Islander, non-Hispanic"
2022,United States,Diabetes,Gestational diabetes among women with a recent live birth,20.8,Race/Ethnicity,"American Indian or Alaska Native, non-Hispanic"
2022,United States,Diabetes,Gestational diabetes among women with a recent live birth,10.3,Race/Ethnicity,"White, non-Hispanic"
2022,United States,Diabetes,"Diabetes mortality among all people, underlying or contributing cause",5.1,Age,Age 0-44
2022,United States,Diabetes,Diabetes among adults,10.0,Race/Ethnicity,"Asian, non-Hispanic"
2022,United States,Diabetes,"Diabetes mortality among all people, underlying or contributing cause",164.0,Race/Ethnicity,"American Indian or Alaska Native, non-Hispanic"
2022,United States,Diabetes,"Diabetes mortality among all people, underlying or contributing cause",96.3,Sex,Female
2022,United States,Diabetes,Diabetes among adults,11.5,Sex,Male
2022,United States,Diabetes,Diabetes among adults,11.6,Sex,Female
2022,United States,Diabetes,"Diabetic ketoacidosis mortality among all people, underlying or contributing cause",2.8,Sex,Male
2022,United States,Diabetes,"Diabetic ketoacidosis mortality among all people, underlying or contributing cause",5207.0,Race/Ethnicity,"White, non-Hispanic"
2022,United States,Diabetes,Gestational diabetes among women with a recent live birth,17.7,Race/Ethnicity,"Native Hawaiian or Other Pacific Islander, non-Hispanic"
2022,United States,Diabetes,Gestational diabetes among women with a recent live birth,11.8,Race/Ethnicity,"Black, non-Hispanic"
2022,United States,Diabetes,Gestational diabetes among women with a recent live birth,21.7,Race/Ethnicity,"Asian, non-Hispanic"
2022,United States,Diabetes,"Diabetic ketoacidosis mortality among all people, underlying or contributing cause",1.8,Sex,Female
2022,United States,Diabetes,"Diabetes mortality among all people, underlying or contributing cause",24.0,Race/Ethnicity,"Multiracial, non-Hispanic"
2022,United States,Diabetes,"Diabetes mortality among all people, underlying or contributing cause",64.6,Race/Ethnicity,Hispanic
2022,United States,Diabetes,"Diabetes mortality among all people, underlying or contributing cause",91.4,Age,Age 45-64
2022,United States,Diabetes,"Diabetic ketoacidosis mortality among all people, underlying or contributing cause",61.0,Race/Ethnicity,"Multiracial, non-Hispanic"
2022,United States,Diabetes,"Diabetic ketoacidosis mortality among all people, underlying or contributing cause",2.0,Race/Ethnicity,Hispanic
2022,United States,Diabetes,"Diabetes mortality among all people, underlying or contributing cause",59.2,Race/Ethnicity,"Asian, non-Hispanic"
2022,United States,Diabetes,"Diabetes mortality among all people, underlying or contributing cause",111.0,Sex,Male
2022,United States,Diabetes,"Diabetes mortality among all people, underlying or contributing cause",140.1,Race/Ethnicity,"Native Hawaiian or Other Pacific Islander, non-Hispanic"
2022,United States,Diabetes,Diabetes among adults,12.1,Overall,Overall
2022,United States,Diabetes,"Diabetes mortality among all people, underlying or contributing cause",62.8,Race/Ethnicity,"Asian, non-Hispanic"
2022,United States,Diabetes,"Diabetes mortality among all people, underlying or contributing cause",3970.0,Race/Ethnicity,"American Indian or Alaska Native, non-Hispanic"
2022,United States,Diabetes,"Diabetes mortality among all people, underlying or contributing cause",68.3,Sex,Female
2022,United States,Diabetes,"Diabetic ketoacidosis mortality among all people, underlying or contributing cause",1.1,Race/Ethnicity,"Asian, non-Hispanic"
2022,United States,Diabetes,"Diabetes mortality among all people, underlying or contributing cause",75393.0,Age,Age 45-64
2022,United States,Diabetes,Diabetes among adults,15.7,Age,Age 45-64
2022,United States,Diabetes,Diabetes among adults,15.3,Race/Ethnicity,Hispanic
2022,United States,Diabetes,Diabetes among adults,23.9,Age,Age >=65
2022,United States,Diabetes,Diabetes among adults,8.9,Race/Ethnicity,"White, non-Hispanic"
2022,United States,Diabetes,Gestational diabetes among women with a recent live birth,12.0,Overall,Overall
2023,United States,Diabetes,Diabetes among adults,10.7,Overall,Overall
2023,United States,Diabetes,Diabetes among adults,16.1,Age,Age 45-64
2023,United States,Diabetes,Diabetes among adults,8.9,Race/Ethnicity,"White, non-Hispanic"
2023,United States,Diabetes,Diabetes among adults,23.5,Age,Age >=65
2023,United States,Diabetes,Diabetes among adults,10.0,Sex,Female
2023,United States,Diabetes,Diabetes among adults,9.9,Race/Ethnicity,"Asian, non-Hispanic"
2023,United States,Diabetes,Diabetes among adults,13.4,Race/Ethnicity,"American Indian or Alaska Native, non-Hispanic"
2023,United States,Diabetes,Diabetes among adults,12.6,Sex,Male
2023,United States,Diabetes,Diabetes among adults,11.5,Sex,Male
2023,United States,Diabetes,Diabetes among adults,13.3,Race/Ethnicity,"Native Hawaiian or Other Pacific Islander, non-Hispanic"
2023,United States,Diabetes,Diabetes among adults,11.3,Race/Ethnicity,"White, non-Hispanic"
2023,United States,Diabetes,Diabetes among adults,14.6,Race/Ethnicity,"Black, non-Hispanic"
2023,United States,Diabetes,Diabetes among adults,9.8,Race/Ethnicity,"Multiracial, non-Hispanic"
2023,United States,Diabetes,Diabetes among adults,14.5,Race/Ethnicity,Hispanic
2023,United States,Diabetes,Diabetes among adults,12.6,Race/Ethnicity,Hispanic
2023,United States,Diabetes,Diabetes among adults,12.1,Overall,Overall
2023,United States,Diabetes,Diabetes among adults,11.0,Race/Ethnicity,"Asian, non-Hispanic"
2023,United States,Diabetes,Diabetes among adults,11.3,Race/Ethnicity,"Multiracial, non-Hispanic"
2023,United States,Diabetes,Diabetes among adults,16.1,Race/Ethnicity,"Black, non-Hispanic"
2023,United States,Diabetes,Diabetes among adults,16.2,Race/Ethnicity,"Native Hawaiian or Other Pacific Islander, non-Hispanic"
2023,United States,Diabetes,Diabetes among adults,11.6,Sex,Female
2023,United States,Diabetes,Diabetes among adults,14.5,Race/Ethnicity,"American Indian or Alaska Native, non-Hispanic"
2023,United States,Diabetes,Diabetes among adults,3.4,Age,Age 18-44
